{
  "model_name": "lasso",
  "hyperparameters": {
    "alpha": 0.01
  },
  "performance_metrics": {
    "train_r2": 0.6442622117468936,
    "validation_r2": 0.1337527840444861,
    "train_rmse": 0.7171184786128446,
    "validation_rmse": 1.1384264621968774,
    "train_mae": 0.5611814696445355,
    "validation_mae": 0.9539241428365506,
    "cv_rmse": 0.7536835959468287
  }
}