{
  "ridge": {
    "category_importance": {
      "Tree_Canopy": 0.016831061073408256,
      "Temperature": 0.01847330974373172,
      "Socioeconomic": 0.03350733325473609,
      "Climate": 0.03259519783833846,
      "Spatial_Temporal": 0.0507134126539941
    },
    "category_effects": {
      "Tree_Canopy": -0.0012858730954502986,
      "Temperature": 6.833718071092446e-05,
      "Socioeconomic": -0.004723520843384597,
      "Climate": -0.0013428811300530365,
      "Spatial_Temporal": -0.005944884445727429
    }
  },
  "lasso": {
    "category_importance": {
      "Tree_Canopy": 0.009220291909081454,
      "Temperature": 0.012092223203890135,
      "Socioeconomic": 0.026390240862615398,
      "Climate": 0.017274209427530624,
      "Spatial_Temporal": 0.043489549062625026
    },
    "category_effects": {
      "Tree_Canopy": -0.0008820342657969961,
      "Temperature": -4.73561298214097e-05,
      "Socioeconomic": -0.0045940320597374126,
      "Climate": -0.0002746801106471209,
      "Spatial_Temporal": -0.006449461738747768
    }
  },
  "random_forest": {
    "category_importance": {
      "Tree_Canopy": 0.002932104560475452,
      "Temperature": 0.0019637111934724736,
      "Socioeconomic": 0.021844653772825885,
      "Climate": 0.002097675040542201,
      "Spatial_Temporal": 0.05686448138150106
    },
    "category_effects": {
      "Tree_Canopy": -2.660267629007112e-05,
      "Temperature": -4.471772771868479e-05,
      "Socioeconomic": 0.00035235221325139127,
      "Climate": 0.0002731621574476858,
      "Spatial_Temporal": 0.0003867088492567271
    }
  },
  "lightgbm": {
    "category_importance": {
      "Tree_Canopy": 0.0026738061992021217,
      "Temperature": 0.005987870499452333,
      "Socioeconomic": 0.022317867297067237,
      "Climate": 0.005525510493253246,
      "Spatial_Temporal": 0.05344585957192926
    },
    "category_effects": {
      "Tree_Canopy": -0.00033693510275305293,
      "Temperature": -0.00022069463939855183,
      "Socioeconomic": 0.0003961933319069738,
      "Climate": -0.00019670771444482024,
      "Spatial_Temporal": 0.0011076003947150077
    }
  },
  "xgboost": {
    "category_importance": {
      "Tree_Canopy": 0.0037008679937571287,
      "Temperature": 0.00751200458034873,
      "Socioeconomic": 0.023158928379416466,
      "Climate": 0.007104725576937199,
      "Spatial_Temporal": 0.057599518448114395
    },
    "category_effects": {
      "Tree_Canopy": 0.00011232351971557364,
      "Temperature": -0.00029404801898635924,
      "Socioeconomic": 0.00015736139903310686,
      "Climate": -0.0006031680386513472,
      "Spatial_Temporal": 0.0007894024602137506
    }
  }
}