{
  "model": "random_forest",
  "energy_savings_potential": {
    "canopy_share": {
      "avg_log_reduction": 0.027289468200555254,
      "approx_pct_savings": 2.766523611933591,
      "samples_with_savings": 465,
      "total_samples": 1000
    },
    "canopy_x_population_high_canopy_low_pop": {
      "avg_log_reduction": 0.0005101926598457167,
      "approx_pct_savings": 0.05103228302572038,
      "samples_with_savings": 175,
      "total_samples": 1000
    },
    "canopy_x_population": {
      "avg_log_reduction": 0.002370835663795373,
      "approx_pct_savings": 0.2373648317008037,
      "samples_with_savings": 781,
      "total_samples": 1000
    },
    "canopy_x_population_high_canopy_high_pop": {
      "avg_log_reduction": 0.00024423660860923896,
      "approx_pct_savings": 0.024426643679809068,
      "samples_with_savings": 560,
      "total_samples": 1000
    },
    "canopy_x_gdp_no_canopy_high_gdp": {
      "avg_log_reduction": 0.004275891314336548,
      "approx_pct_savings": 0.4285045981071933,
      "samples_with_savings": 994,
      "total_samples": 1000
    },
    "canopy_x_population_medium_canopy_low_pop": {
      "avg_log_reduction": 0.044883134392232196,
      "approx_pct_savings": 4.5905622369947885,
      "samples_with_savings": 11,
      "total_samples": 1000
    },
    "canopy_x_nightlight": {
      "avg_log_reduction": 0.0015896242517406958,
      "approx_pct_savings": 0.1590888374109367,
      "samples_with_savings": 691,
      "total_samples": 1000
    },
    "canopy_x_gdp_high_canopy_low_gdp": {
      "avg_log_reduction": 0.0017549597166839459,
      "approx_pct_savings": 0.17565005597282024,
      "samples_with_savings": 645,
      "total_samples": 1000
    },
    "canopy_x_gdp_high_canopy_high_gdp": {
      "avg_log_reduction": 0.00038558460671131927,
      "approx_pct_savings": 0.03856589540112143,
      "samples_with_savings": 727,
      "total_samples": 1000
    },
    "days_in_bin_25_30_x_canopy": {
      "avg_log_reduction": 0.004202810789340106,
      "approx_pct_savings": 0.421165498442444,
      "samples_with_savings": 458,
      "total_samples": 1000
    },
    "canopy_x_population_low_canopy_medium_pop": {
      "avg_log_reduction": 0.0012552942574638464,
      "approx_pct_savings": 0.1256082469078157,
      "samples_with_savings": 948,
      "total_samples": 1000
    },
    "canopy_x_humidity_no_canopy_RH_mid": {
      "avg_log_reduction": 0.00013925130332506037,
      "approx_pct_savings": 0.013926099923788904,
      "samples_with_savings": 982,
      "total_samples": 1000
    },
    "canopy_x_population_high_canopy_medium_pop": {
      "avg_log_reduction": 0.0006738209503710945,
      "approx_pct_savings": 0.06740480187059639,
      "samples_with_savings": 651,
      "total_samples": 1000
    },
    "canopy_x_nightlight_medium_canopy_urban_high": {
      "avg_log_reduction": 0.00031979988871859823,
      "approx_pct_savings": 0.031985103015452765,
      "samples_with_savings": 973,
      "total_samples": 1000
    },
    "canopy_x_nightlight_high_canopy_urban_low": {
      "avg_log_reduction": 0.0013507627285947975,
      "approx_pct_savings": 0.1351675419466014,
      "samples_with_savings": 346,
      "total_samples": 1000
    },
    "days_in_bin_20_25_x_canopy": {
      "avg_log_reduction": 0.0008117209077991971,
      "approx_pct_savings": 0.08120504423725361,
      "samples_with_savings": 502,
      "total_samples": 1000
    },
    "days_in_bin_15_20_x_canopy": {
      "avg_log_reduction": 0.0007784511414676954,
      "approx_pct_savings": 0.07787542131945102,
      "samples_with_savings": 452,
      "total_samples": 1000
    },
    "days_in_bin_5_10_x_canopy": {
      "avg_log_reduction": 0.002788527211900537,
      "approx_pct_savings": 0.2792418770304339,
      "samples_with_savings": 411,
      "total_samples": 1000
    },
    "canopy_x_nightlight_medium_canopy_urban_low": {
      "avg_log_reduction": 0.03625354611681619,
      "approx_pct_savings": 3.6918719879131423,
      "samples_with_savings": 65,
      "total_samples": 1000
    },
    "canopy_x_nightlight_high_canopy_urban_high": {
      "avg_log_reduction": 0.0003541122583242634,
      "approx_pct_savings": 0.035417496347145416,
      "samples_with_savings": 559,
      "total_samples": 1000
    },
    "days_in_bin_10_15_x_canopy": {
      "avg_log_reduction": 0.0016900740654152034,
      "approx_pct_savings": 0.16915030455024738,
      "samples_with_savings": 490,
      "total_samples": 1000
    },
    "days_in_bin_30_35_x_canopy": {
      "avg_log_reduction": 0.0013000278688462114,
      "approx_pct_savings": 0.13008732713852833,
      "samples_with_savings": 590,
      "total_samples": 1000
    }
  },
  "summary_statistics": {
    "total_canopy_features": 22,
    "avg_effect_across_features": -2.6602676290071094e-05,
    "features_with_energy_savings": 22
  }
}