{
  "model": "xgboost",
  "energy_savings_potential": {
    "canopy_share": {
      "avg_log_reduction": 0.02807680517435074,
      "approx_pct_savings": 2.847468852996826,
      "samples_with_savings": 345,
      "total_samples": 1000
    },
    "canopy_x_population_high_canopy_low_pop": {
      "avg_log_reduction": 0.003215909469872713,
      "approx_pct_savings": 0.32210350036621094,
      "samples_with_savings": 741,
      "total_samples": 1000
    },
    "canopy_x_population": {
      "avg_log_reduction": 0.007971562445163727,
      "approx_pct_savings": 0.8003354072570801,
      "samples_with_savings": 872,
      "total_samples": 1000
    },
    "canopy_x_gdp_no_canopy_high_gdp": {
      "avg_log_reduction": 0.0017225974006578326,
      "approx_pct_savings": 0.17241239547729492,
      "samples_with_savings": 994,
      "total_samples": 1000
    },
    "canopy_x_population_medium_canopy_low_pop": {
      "avg_log_reduction": 0.46317368745803833,
      "approx_pct_savings": 58.91094207763672,
      "samples_with_savings": 11,
      "total_samples": 1000
    },
    "canopy_x_nightlight": {
      "avg_log_reduction": 0.0004196141962893307,
      "approx_pct_savings": 0.04197359085083008,
      "samples_with_savings": 730,
      "total_samples": 1000
    },
    "canopy_x_gdp_high_canopy_low_gdp": {
      "avg_log_reduction": 0.0055811465717852116,
      "approx_pct_savings": 0.5596756935119629,
      "samples_with_savings": 251,
      "total_samples": 1000
    },
    "days_in_bin_25_30_x_canopy": {
      "avg_log_reduction": 0.011568447574973106,
      "approx_pct_savings": 1.1635541915893555,
      "samples_with_savings": 61,
      "total_samples": 1000
    },
    "canopy_x_population_low_canopy_medium_pop": {
      "avg_log_reduction": 0.0011420450173318386,
      "approx_pct_savings": 0.1142740249633789,
      "samples_with_savings": 906,
      "total_samples": 1000
    },
    "canopy_x_humidity_no_canopy_RH_mid": {
      "avg_log_reduction": 0.001997209619730711,
      "approx_pct_savings": 0.19992589950561523,
      "samples_with_savings": 959,
      "total_samples": 1000
    },
    "canopy_x_nightlight_medium_canopy_urban_high": {
      "avg_log_reduction": 0.000603469496127218,
      "approx_pct_savings": 0.060367584228515625,
      "samples_with_savings": 976,
      "total_samples": 1000
    },
    "canopy_x_nightlight_high_canopy_urban_low": {
      "avg_log_reduction": 0.0017910182941704988,
      "approx_pct_savings": 0.17926692962646484,
      "samples_with_savings": 352,
      "total_samples": 1000
    },
    "days_in_bin_20_25_x_canopy": {
      "avg_log_reduction": 3.881992233800702e-05,
      "approx_pct_savings": 0.0038862228393554688,
      "samples_with_savings": 865,
      "total_samples": 1000
    },
    "days_in_bin_15_20_x_canopy": {
      "avg_log_reduction": 0.0018659059423953295,
      "approx_pct_savings": 0.18676519393920898,
      "samples_with_savings": 413,
      "total_samples": 1000
    },
    "days_in_bin_5_10_x_canopy": {
      "avg_log_reduction": 0.013698878698050976,
      "approx_pct_savings": 1.3793230056762695,
      "samples_with_savings": 428,
      "total_samples": 1000
    },
    "days_in_bin_10_15_x_canopy": {
      "avg_log_reduction": 0.00030284709646366537,
      "approx_pct_savings": 0.030291080474853516,
      "samples_with_savings": 461,
      "total_samples": 1000
    },
    "days_in_bin_30_35_x_canopy": {
      "avg_log_reduction": 0.0029871470760554075,
      "approx_pct_savings": 0.2991676330566406,
      "samples_with_savings": 86,
      "total_samples": 1000
    }
  },
  "summary_statistics": {
    "total_canopy_features": 22,
    "avg_effect_across_features": 0.00011232351243961602,
    "features_with_energy_savings": 17
  }
}